Date,Description,Amount,Category,Notes
2025-01-03,Supermarket - WholeFoods,125.40,Grocery,
2025-01-05,Starbucks Coffee,4.75,,
2025-01-07,Uber ride,15.20,,
2025-01-10,Monthly Rent,1200.00,Rent,
2025-01-12,Netflix Subscription,13.99,Subscriptions,
2025-01-15,Gas Station,40.00,,
2025-02-02,Restaurant - Alfredo's,45.60,,
2025-02-07,Amazon Purchase - Shoes,89.99,Shopping,
2025-02-10,Electric Bill,60.20,Utilities,
2025-02-14,Valentine's Dinner,120.00,,
2025-03-01,Salary March,3000.00,Salary,
2025-03-03,Cinema Tickets,27.00,Entertainment,
2025-03-07,Doctor Visit,80.00,Healthcare,
2025-03-12,Internet Bill,50.00,Utilities,
2025-03-15,Groceries - Local Market,67.30,,